{"version":"1.2.0","artifactCoordinates":{"groupId":"com.mycompany","artifactId":"github","version":"1.0.0-SNAPSHOT","type":"jar","classifier":"mule-application"},"dependencies":[{"artifactCoordinates":{"groupId":"org.mule.connectors","artifactId":"mule-http-connector","version":"1.10.3","type":"jar","classifier":"mule-plugin"},"uri":"file:/Users/harshithas/.m2/repository/org/mule/connectors/mule-http-connector/1.10.3/mule-http-connector-1.10.3-mule-plugin.jar"},{"artifactCoordinates":{"groupId":"org.mule.connectors","artifactId":"mule-sockets-connector","version":"1.2.5","type":"jar","classifier":"mule-plugin"},"uri":"file:/Users/harshithas/.m2/repository/org/mule/connectors/mule-sockets-connector/1.2.5/mule-sockets-connector-1.2.5-mule-plugin.jar"}]}