{
  "configs": [
    "github.xml"
  ],
  "secureProperties": [],
  "supportedJavaVersions": [],
  "redeploymentEnabled": true,
  "name": "com.mycompany:github:1.0.0-SNAPSHOT",
  "minMuleVersion": "4.9.0",
  "requiredProduct": "MULE",
  "classLoaderModelLoaderDescriptor": {
    "id": "mule",
    "attributes": {
      "exportedPackages": [],
      "exportedResources": [
        "log4j2.xml",
        "github.xml",
        "application-types.xml"
      ]
    }
  },
  "bundleDescriptorLoader": {
    "id": "mule",
    "attributes": {}
  }
}