<?xml version="1.0" encoding="UTF-8"?>

<mule xmlns:http="http://www.mulesoft.org/schema/mule/http" xmlns="http://www.mulesoft.org/schema/mule/core"
	xmlns:doc="http://www.mulesoft.org/schema/mule/documentation"
	xmlns:xsi="http://www.w3.org/2001/XMLSchema-instance" xsi:schemaLocation="http://www.mulesoft.org/schema/mule/core http://www.mulesoft.org/schema/mule/core/current/mule.xsd
http://www.mulesoft.org/schema/mule/http http://www.mulesoft.org/schema/mule/http/current/mule-http.xsd">
	<http:listener-config name="HTTP_Listener_config" doc:name="HTTP Listener config" doc:id="fd370cdd-8e4c-4cc3-aa71-5a3e14262e82" >
		<http:listener-connection host="0.0.0.0" port="${http.port}" />
	</http:listener-config>
	<flow name="cicdFlow" doc:id="6433e483-0729-4610-869b-bf0ae2494590" >
		<http:listener doc:name="Listener" doc:id="3e4931b6-8461-4381-b3ee-b96fae25114d" config-ref="HTTP_Listener_config" path="/cicd"/>
		<logger level="INFO" doc:name="Logger" doc:id="17792e14-0aca-465d-a8d2-d38d03b47c6e" message='#["TEST "]'/>
		<logger level="INFO" doc:name="Logger" doc:id="77b8bbea-8c86-4211-9f6d-19b00c4888de" message='#["Hello icxfgvhbjKiller"]'/>
	</flow>
</mule>
