{"version":"1.2.0","artifactCoordinates":{"groupId":"org.mule.connectors","artifactId":"mule-http-connector","version":"1.10.3","type":"jar","classifier":"mule-plugin"},"dependencies":[{"artifactCoordinates":{"groupId":"org.mule.connectors","artifactId":"mule-sockets-connector","version":"1.2.5","type":"jar","classifier":"mule-plugin"},"uri":"file:/Users/harshithas/.m2/repository/org/mule/connectors/mule-sockets-connector/1.2.5/mule-sockets-connector-1.2.5-mule-plugin.jar"},{"artifactCoordinates":{"groupId":"org.mule.modules","artifactId":"mule-module-cors-kernel","version":"1.1.2","type":"jar"},"uri":"file:/Users/harshithas/.m2/repository/org/mule/modules/mule-module-cors-kernel/1.1.2/mule-module-cors-kernel-1.1.2.jar","packages":["org.mule.modules.cors","org.mule.modules.cors.api.configuration.origin","org.mule.modules.cors.configuration","org.mule.modules.cors.configuration.exception","org.mule.modules.cors.configuration.parser","org.mule.modules.cors.request","org.mule.modules.cors.request.attributes","org.mule.modules.cors.request.builder","org.mule.modules.cors.request.checker","org.mule.modules.cors.request.visitor","org.mule.modules.cors.response","org.mule.modules.cors.response.visitor","org.mule.modules.parser"],"resources":["META-INF/MANIFEST.MF","META-INF/maven/org.mule.modules/mule-module-cors-kernel/pom.properties","META-INF/maven/org.mule.modules/mule-module-cors-kernel/pom.xml"]},{"artifactCoordinates":{"groupId":"com.sun.activation","artifactId":"jakarta.activation","version":"1.2.2","type":"jar"},"uri":"file:/Users/harshithas/.m2/repository/com/sun/activation/jakarta.activation/1.2.2/jakarta.activation-1.2.2.jar","packages":["com.sun.activation.registries","com.sun.activation.viewers","javax.activation"],"resources":["META-INF/LICENSE.md","META-INF/MANIFEST.MF","META-INF/NOTICE.md","META-INF/mailcap.default","META-INF/maven/com.sun.activation/jakarta.activation/pom.properties","META-INF/maven/com.sun.activation/jakarta.activation/pom.xml","META-INF/mimetypes.default"]},{"artifactCoordinates":{"groupId":"org.apache.commons","artifactId":"commons-lang3","version":"3.12.0","type":"jar"},"uri":"file:/Users/harshithas/.m2/repository/org/apache/commons/commons-lang3/3.12.0/commons-lang3-3.12.0.jar","packages":["org.apache.commons.lang3","org.apache.commons.lang3.arch","org.apache.commons.lang3.builder","org.apache.commons.lang3.compare","org.apache.commons.lang3.concurrent","org.apache.commons.lang3.concurrent.locks","org.apache.commons.lang3.event","org.apache.commons.lang3.exception","org.apache.commons.lang3.function","org.apache.commons.lang3.math","org.apache.commons.lang3.mutable","org.apache.commons.lang3.reflect","org.apache.commons.lang3.stream","org.apache.commons.lang3.text","org.apache.commons.lang3.text.translate","org.apache.commons.lang3.time","org.apache.commons.lang3.tuple"],"resources":["META-INF/LICENSE.txt","META-INF/MANIFEST.MF","META-INF/NOTICE.txt","META-INF/maven/org.apache.commons/commons-lang3/pom.properties","META-INF/maven/org.apache.commons/commons-lang3/pom.xml"]},{"artifactCoordinates":{"groupId":"org.mule.sdk","artifactId":"mule-sdk-compatibility-api","version":"0.7.4","type":"jar"},"uri":"file:/Users/harshithas/.m2/repository/org/mule/sdk/mule-sdk-compatibility-api/0.7.4/mule-sdk-compatibility-api-0.7.4.jar","packages":["org.mule.sdk.compatibility.api.utils"],"resources":["META-INF/MANIFEST.MF","META-INF/affordance.properties","META-INF/maven/org.mule.sdk/mule-sdk-compatibility-api/pom.properties","META-INF/maven/org.mule.sdk/mule-sdk-compatibility-api/pom.xml","META-INF/mule-module.properties"]},{"artifactCoordinates":{"groupId":"org.mule.sdk","artifactId":"mule-sdk-api","version":"0.7.0","type":"jar"},"uri":"file:/Users/harshithas/.m2/repository/org/mule/sdk/mule-sdk-api/0.7.0/mule-sdk-api-0.7.0.jar","packages":["org.mule.sdk.api.annotation","org.mule.sdk.api.annotation.binding","org.mule.sdk.api.annotation.connectivity","org.mule.sdk.api.annotation.connectivity.oauth","org.mule.sdk.api.annotation.data.sample","org.mule.sdk.api.annotation.deprecated","org.mule.sdk.api.annotation.dsl.xml","org.mule.sdk.api.annotation.error","org.mule.sdk.api.annotation.execution","org.mule.sdk.api.annotation.license","org.mule.sdk.api.annotation.metadata","org.mule.sdk.api.annotation.metadata.fixed","org.mule.sdk.api.annotation.notification","org.mule.sdk.api.annotation.param","org.mule.sdk.api.annotation.param.display","org.mule.sdk.api.annotation.param.reference","org.mule.sdk.api.annotation.param.stereotype","org.mule.sdk.api.annotation.semantics","org.mule.sdk.api.annotation.semantics.connectivity","org.mule.sdk.api.annotation.semantics.file","org.mule.sdk.api.annotation.semantics.security","org.mule.sdk.api.annotation.source","org.mule.sdk.api.annotation.values","org.mule.sdk.api.artifact.lifecycle","org.mule.sdk.api.client","org.mule.sdk.api.connectivity","org.mule.sdk.api.connectivity.oauth","org.mule.sdk.api.data.sample","org.mule.sdk.api.error","org.mule.sdk.api.exception","org.mule.sdk.api.meta","org.mule.sdk.api.metadata","org.mule.sdk.api.metadata.resolving","org.mule.sdk.api.notification","org.mule.sdk.api.runtime.connectivity","org.mule.sdk.api.runtime.exception","org.mule.sdk.api.runtime.operation","org.mule.sdk.api.runtime.parameter","org.mule.sdk.api.runtime.process","org.mule.sdk.api.runtime.route","org.mule.sdk.api.runtime.source","org.mule.sdk.api.runtime.streaming","org.mule.sdk.api.security","org.mule.sdk.api.stereotype","org.mule.sdk.api.store","org.mule.sdk.api.streaming.bytes","org.mule.sdk.api.tx","org.mule.sdk.api.values","org.mule.sdk.internal.client","org.mule.sdk.internal.values"],"resources":["META-INF/MANIFEST.MF","META-INF/affordance.properties","META-INF/maven/org.mule.sdk/mule-sdk-api/pom.properties","META-INF/maven/org.mule.sdk/mule-sdk-api/pom.xml","META-INF/mule-module.properties"]}],"packages":["org.mule.extension.http.api","org.mule.extension.http.api.certificate","org.mule.extension.http.api.error","org.mule.extension.http.api.listener","org.mule.extension.http.api.listener.builder","org.mule.extension.http.api.listener.headers","org.mule.extension.http.api.listener.intercepting.cors","org.mule.extension.http.api.listener.server","org.mule.extension.http.api.notification","org.mule.extension.http.api.policy","org.mule.extension.http.api.request","org.mule.extension.http.api.request.authentication","org.mule.extension.http.api.request.builder","org.mule.extension.http.api.request.client","org.mule.extension.http.api.request.proxy","org.mule.extension.http.api.request.response","org.mule.extension.http.api.request.validator","org.mule.extension.http.api.streaming","org.mule.extension.http.internal","org.mule.extension.http.internal.certificate","org.mule.extension.http.internal.filter","org.mule.extension.http.internal.listener","org.mule.extension.http.internal.listener.intercepting","org.mule.extension.http.internal.listener.intercepting.cors","org.mule.extension.http.internal.listener.profiling.tracing","org.mule.extension.http.internal.listener.server","org.mule.extension.http.internal.policy","org.mule.extension.http.internal.request","org.mule.extension.http.internal.request.builder","org.mule.extension.http.internal.request.client","org.mule.extension.http.internal.request.profiling","org.mule.extension.http.internal.request.profiling.tracing","org.mule.extension.http.internal.temporary"],"resources":["META-INF/http-extension-descriptions.xml","META-INF/maven/org.mule.connectors/mule-http-connector/pom.xml","META-INF/mime.types","META-INF/mule-artifact/icon.svg","META-INF/mule-artifact/mule-artifact.json","META-INF/org/mule/runtime/core/config/registry-bootstrap.properties"]}