{"version":"1.2.0","artifactCoordinates":{"groupId":"org.mule.connectors","artifactId":"mule-sockets-connector","version":"1.2.5","type":"jar","classifier":"mule-plugin"},"dependencies":[{"artifactCoordinates":{"groupId":"org.mule.sdk","artifactId":"mule-sdk-api","version":"0.10.2","type":"jar"},"uri":"file:/Users/harshithas/.m2/repository/org/mule/sdk/mule-sdk-api/0.10.2/mule-sdk-api-0.10.2.jar","packages":["org.mule.sdk.api.annotation","org.mule.sdk.api.annotation.binding","org.mule.sdk.api.annotation.connectivity","org.mule.sdk.api.annotation.connectivity.oauth","org.mule.sdk.api.annotation.data.sample","org.mule.sdk.api.annotation.deprecated","org.mule.sdk.api.annotation.dsl.xml","org.mule.sdk.api.annotation.error","org.mule.sdk.api.annotation.execution","org.mule.sdk.api.annotation.license","org.mule.sdk.api.annotation.metadata","org.mule.sdk.api.annotation.metadata.fixed","org.mule.sdk.api.annotation.notification","org.mule.sdk.api.annotation.param","org.mule.sdk.api.annotation.param.display","org.mule.sdk.api.annotation.param.reference","org.mule.sdk.api.annotation.param.stereotype","org.mule.sdk.api.annotation.route","org.mule.sdk.api.annotation.semantics","org.mule.sdk.api.annotation.semantics.connectivity","org.mule.sdk.api.annotation.semantics.file","org.mule.sdk.api.annotation.semantics.security","org.mule.sdk.api.annotation.source","org.mule.sdk.api.annotation.values","org.mule.sdk.api.artifact.lifecycle","org.mule.sdk.api.client","org.mule.sdk.api.connectivity","org.mule.sdk.api.connectivity.oauth","org.mule.sdk.api.data.sample","org.mule.sdk.api.error","org.mule.sdk.api.exception","org.mule.sdk.api.meta","org.mule.sdk.api.metadata","org.mule.sdk.api.metadata.resolving","org.mule.sdk.api.notification","org.mule.sdk.api.runtime.connectivity","org.mule.sdk.api.runtime.exception","org.mule.sdk.api.runtime.operation","org.mule.sdk.api.runtime.parameter","org.mule.sdk.api.runtime.process","org.mule.sdk.api.runtime.route","org.mule.sdk.api.runtime.source","org.mule.sdk.api.runtime.streaming","org.mule.sdk.api.security","org.mule.sdk.api.stereotype","org.mule.sdk.api.store","org.mule.sdk.api.streaming.bytes","org.mule.sdk.api.tx","org.mule.sdk.api.values","org.mule.sdk.internal.client","org.mule.sdk.internal.values"],"resources":["META-INF/MANIFEST.MF","META-INF/affordance.properties","META-INF/maven/org.mule.sdk/mule-sdk-api/pom.properties","META-INF/maven/org.mule.sdk/mule-sdk-api/pom.xml","META-INF/mule-module.properties"]},{"artifactCoordinates":{"groupId":"commons-io","artifactId":"commons-io","version":"2.14.0","type":"jar"},"uri":"file:/Users/harshithas/.m2/repository/commons-io/commons-io/2.14.0/commons-io-2.14.0.jar","packages":["META-INF.versions.9","org.apache.commons.io","org.apache.commons.io.build","org.apache.commons.io.charset","org.apache.commons.io.comparator","org.apache.commons.io.file","org.apache.commons.io.file.attribute","org.apache.commons.io.file.spi","org.apache.commons.io.filefilter","org.apache.commons.io.function","org.apache.commons.io.input","org.apache.commons.io.input.buffer","org.apache.commons.io.monitor","org.apache.commons.io.output","org.apache.commons.io.serialization"],"resources":["META-INF/LICENSE.txt","META-INF/MANIFEST.MF","META-INF/NOTICE.txt","META-INF/maven/commons-io/commons-io/pom.properties","META-INF/maven/commons-io/commons-io/pom.xml"]},{"artifactCoordinates":{"groupId":"org.apache.commons","artifactId":"commons-lang3","version":"3.17.0","type":"jar"},"uri":"file:/Users/harshithas/.m2/repository/org/apache/commons/commons-lang3/3.17.0/commons-lang3-3.17.0.jar","packages":["META-INF.versions.9","org.apache.commons.lang3","org.apache.commons.lang3.arch","org.apache.commons.lang3.builder","org.apache.commons.lang3.compare","org.apache.commons.lang3.concurrent","org.apache.commons.lang3.concurrent.locks","org.apache.commons.lang3.event","org.apache.commons.lang3.exception","org.apache.commons.lang3.function","org.apache.commons.lang3.math","org.apache.commons.lang3.mutable","org.apache.commons.lang3.reflect","org.apache.commons.lang3.stream","org.apache.commons.lang3.text","org.apache.commons.lang3.text.translate","org.apache.commons.lang3.time","org.apache.commons.lang3.tuple","org.apache.commons.lang3.util"],"resources":["META-INF/LICENSE.txt","META-INF/MANIFEST.MF","META-INF/NOTICE.txt","META-INF/maven/org.apache.commons/commons-lang3/pom.properties","META-INF/maven/org.apache.commons/commons-lang3/pom.xml"]}],"packages":["org.mule.extension.socket.api","org.mule.extension.socket.api.client","org.mule.extension.socket.api.config","org.mule.extension.socket.api.connection","org.mule.extension.socket.api.connection.tcp","org.mule.extension.socket.api.connection.tcp.protocol","org.mule.extension.socket.api.connection.udp","org.mule.extension.socket.api.exceptions","org.mule.extension.socket.api.provider.tcp","org.mule.extension.socket.api.provider.udp","org.mule.extension.socket.api.socket","org.mule.extension.socket.api.socket.factory","org.mule.extension.socket.api.socket.tcp","org.mule.extension.socket.api.socket.udp","org.mule.extension.socket.api.source","org.mule.extension.socket.api.worker","org.mule.extension.socket.internal"],"resources":["META-INF/maven/org.mule.connectors/mule-sockets-connector/pom.xml","META-INF/mule-artifact/icon.svg","META-INF/mule-artifact/mule-artifact.json","META-INF/sockets-extension-descriptions.xml"]}